-- phpMyAdmin SQL Dump
-- version 5.0.4
-- https://www.phpmyadmin.net/
--
-- Host: 127.0.0.1
-- Generation Time: Jun 15, 2021 at 05:03 PM
-- Server version: 10.4.17-MariaDB
-- PHP Version: 8.0.2

SET SQL_MODE = "NO_AUTO_VALUE_ON_ZERO";
START TRANSACTION;
SET time_zone = "+00:00";


/*!40101 SET @OLD_CHARACTER_SET_CLIENT=@@CHARACTER_SET_CLIENT */;
/*!40101 SET @OLD_CHARACTER_SET_RESULTS=@@CHARACTER_SET_RESULTS */;
/*!40101 SET @OLD_COLLATION_CONNECTION=@@COLLATION_CONNECTION */;
/*!40101 SET NAMES utf8mb4 */;

--
-- Database: `online_food`
--

-- --------------------------------------------------------

--
-- Table structure for table `admin`
--

CREATE TABLE `admin` (
  `id` int(11) NOT NULL,
  `name` varchar(50) NOT NULL,
  `username` varchar(50) NOT NULL,
  `password` varchar(50) NOT NULL,
  `email` varchar(50) NOT NULL
) ENGINE=InnoDB DEFAULT CHARSET=latin1;

--
-- Dumping data for table `admin`
--

INSERT INTO `admin` (`id`, `name`, `username`, `password`, `email`) VALUES
(1, 'Admin', 'admin', 'admin', 'admin@gmail.com');

-- --------------------------------------------------------

--
-- Table structure for table `banner`
--

CREATE TABLE `banner` (
  `id` int(11) NOT NULL,
  `image` varchar(100) NOT NULL,
  `heading` varchar(500) NOT NULL,
  `sub_heading` varchar(500) NOT NULL,
  `link` varchar(100) NOT NULL,
  `link_txt` varchar(100) NOT NULL,
  `order_number` int(11) NOT NULL,
  `added_on` datetime NOT NULL,
  `status` int(11) NOT NULL
) ENGINE=InnoDB DEFAULT CHARSET=latin1;

--
-- Dumping data for table `banner`
--

INSERT INTO `banner` (`id`, `image`, `heading`, `sub_heading`, `link`, `link_txt`, `order_number`, `added_on`, `status`) VALUES
(2, '546847873_banner-4.jpg', 'Drink & Heathy Food', 'Fresh Heathy and Organic', 'shop', 'Order Now', 1, '2020-06-23 03:06:53', 1),
(3, '897050544_wp8791266-yummy-food-wallpapers.jpg', 'NAMASTE', 'THANK YOU FOR CHOOSING US', 'shop', 'ORDER NOW', 0, '2021-06-10 12:09:57', 1);

-- --------------------------------------------------------

--
-- Table structure for table `category`
--

CREATE TABLE `category` (
  `id` int(11) NOT NULL,
  `category` varchar(50) NOT NULL,
  `order_number` int(11) NOT NULL,
  `status` int(11) NOT NULL,
  `added_on` datetime NOT NULL
) ENGINE=InnoDB DEFAULT CHARSET=latin1;

--
-- Dumping data for table `category`
--

INSERT INTO `category` (`id`, `category`, `order_number`, `status`, `added_on`) VALUES
(1, 'Chaat & Snacks', 1, 1, '2020-06-16 12:06:33'),
(2, 'Chinese', 2, 1, '2020-06-16 12:06:41'),
(3, 'South Indian', 3, 1, '2020-06-16 12:06:59'),
(4, 'Desserts', 4, 1, '2020-06-16 12:07:18'),
(5, 'Murg', 0, 1, '2020-06-27 12:49:37');

-- --------------------------------------------------------

--
-- Table structure for table `contact_us`
--

CREATE TABLE `contact_us` (
  `id` int(11) NOT NULL,
  `name` varchar(100) NOT NULL,
  `email` varchar(100) NOT NULL,
  `mobile` varchar(15) NOT NULL,
  `subject` varchar(200) NOT NULL,
  `message` text NOT NULL,
  `added_on` datetime NOT NULL
) ENGINE=InnoDB DEFAULT CHARSET=latin1;

--
-- Dumping data for table `contact_us`
--

INSERT INTO `contact_us` (`id`, `name`, `email`, `mobile`, `subject`, `message`, `added_on`) VALUES
(1, 'Rajesh', 'rajesh123@gmail.com', '9999999999', 'Test Subject', 'test message', '2021-04-01 03:21:43');

-- --------------------------------------------------------

--
-- Table structure for table `coupon_code`
--

CREATE TABLE `coupon_code` (
  `id` int(11) NOT NULL,
  `coupon_code` varchar(20) NOT NULL,
  `coupon_type` enum('P','F') NOT NULL,
  `coupon_value` int(11) NOT NULL,
  `cart_min_value` int(11) NOT NULL,
  `expired_on` date NOT NULL,
  `status` int(11) NOT NULL,
  `added_on` datetime NOT NULL
) ENGINE=InnoDB DEFAULT CHARSET=latin1;

--
-- Dumping data for table `coupon_code`
--

INSERT INTO `coupon_code` (`id`, `coupon_code`, `coupon_type`, `coupon_value`, `cart_min_value`, `expired_on`, `status`, `added_on`) VALUES
(3, 'CUSAT', 'F', 100, 500, '2021-06-18', 1, '2021-06-10 10:02:43');

-- --------------------------------------------------------

--
-- Table structure for table `delivery_boy`
--

CREATE TABLE `delivery_boy` (
  `id` int(11) NOT NULL,
  `name` varchar(50) NOT NULL,
  `mobile` varchar(50) NOT NULL,
  `password` varchar(50) NOT NULL,
  `status` int(11) NOT NULL,
  `added_on` datetime NOT NULL
) ENGINE=InnoDB DEFAULT CHARSET=latin1;

-- --------------------------------------------------------

--
-- Table structure for table `dish`
--

CREATE TABLE `dish` (
  `id` int(11) NOT NULL,
  `category_id` int(11) NOT NULL,
  `dish` varchar(100) NOT NULL,
  `dish_detail` text NOT NULL,
  `image` varchar(100) NOT NULL,
  `type` enum('veg','non-veg') NOT NULL,
  `status` int(11) NOT NULL,
  `added_on` datetime NOT NULL
) ENGINE=InnoDB DEFAULT CHARSET=latin1;

--
-- Dumping data for table `dish`
--

INSERT INTO `dish` (`id`, `category_id`, `dish`, `dish_detail`, `image`, `type`, `status`, `added_on`) VALUES
(1, 4, 'Gulab Jamun', 'Gulab Jamun', '977945963_862169053_gulab-jamun.jpg', 'veg', 1, '2020-06-17 10:43:59'),
(3, 2, 'Chow mein', 'Chow mein', '836724175_Chowmein.jpg', 'veg', 1, '2020-06-17 10:47:26'),
(4, 5, 'Butter Chicken', 'Butter chicken or murg makhani is a dish, originating in the Indian subcontinent, of chicken in a mildly spiced tomato sauce.', '348714192_30-Minute-Instant-Pot-Butter-Chicken-7.jpg', 'non-veg', 1, '2020-06-27 12:50:50'),
(5, 2, 'Manchurian', 'Desi Chinese', '969053669_MANCHURIAN.jpg', 'veg', 1, '2020-07-06 12:00:24'),
(6, 1, 'MOMO', '', '180660046_MOMO.jpg', 'veg', 1, '2021-06-10 11:30:17'),
(7, 1, 'RAJ KACHODI', '', '537622702_325195312_raj-kachori.jpeg', 'veg', 1, '2021-06-10 11:31:27'),
(8, 5, 'CHICKEN BIRYANI', '', '726187518_BIRYANI.jpg', 'non-veg', 1, '2021-06-10 11:32:38'),
(9, 1, 'BURGER', '', '590827943_BURGER.jpg', 'veg', 1, '2021-06-10 11:33:17'),
(10, 1, 'SAMOSA', '', '595801437_SAMOSA.jpg', 'veg', 1, '2021-06-10 11:34:00'),
(11, 1, 'CAKE', '', '501216384_CAKE.jpg', 'veg', 1, '2021-06-10 11:34:44'),
(12, 5, 'CHICKEN FRY', '', '176661381_CHICKEN FRY.jpg', 'non-veg', 1, '2021-06-10 11:35:27'),
(13, 4, 'GAJAR KA HALWA', '', '666519402_GAJAR KA HALWA.jpg', 'veg', 1, '2021-06-10 11:36:16'),
(14, 3, 'IDLY', '', '901230978_IDLY.jpg', 'veg', 1, '2021-06-10 11:37:03'),
(15, 3, 'DOSA', '', '652540386_DOSA.jpg', 'veg', 1, '2021-06-10 11:44:34');

-- --------------------------------------------------------

--
-- Table structure for table `dish_cart`
--

CREATE TABLE `dish_cart` (
  `id` int(11) NOT NULL,
  `user_id` int(11) NOT NULL,
  `dish_detail_id` int(11) NOT NULL,
  `qty` int(11) NOT NULL,
  `added_on` datetime NOT NULL
) ENGINE=InnoDB DEFAULT CHARSET=latin1;

--
-- Dumping data for table `dish_cart`
--

INSERT INTO `dish_cart` (`id`, `user_id`, `dish_detail_id`, `qty`, `added_on`) VALUES
(3, 2, 6, 2, '2020-07-21 09:18:31');

-- --------------------------------------------------------

--
-- Table structure for table `dish_details`
--

CREATE TABLE `dish_details` (
  `id` int(11) NOT NULL,
  `dish_id` int(11) NOT NULL,
  `attribute` varchar(100) NOT NULL,
  `price` int(11) NOT NULL,
  `status` int(11) NOT NULL,
  `added_on` datetime NOT NULL
) ENGINE=InnoDB DEFAULT CHARSET=latin1;

--
-- Dumping data for table `dish_details`
--

INSERT INTO `dish_details` (`id`, `dish_id`, `attribute`, `price`, `status`, `added_on`) VALUES
(1, 3, 'Full', 100, 1, '2020-06-19 10:25:47'),
(2, 3, 'Half', 60, 1, '2020-06-19 10:49:45'),
(6, 1, 'Per Piece', 10, 1, '2020-06-20 00:00:00'),
(8, 4, 'Half', 100, 0, '2020-06-27 12:50:50'),
(9, 4, 'Full', 200, 1, '2020-06-27 12:50:50'),
(11, 5, 'FULL', 100, 1, '2020-07-06 12:00:24'),
(12, 5, 'HALF', 60, 0, '2020-07-06 12:00:24'),
(13, 6, 'FULL', 30, 1, '2021-06-10 11:30:17'),
(14, 6, 'HALF', 20, 1, '2021-06-10 11:30:17'),
(15, 7, 'FULL', 100, 1, '2021-06-10 11:31:27'),
(16, 8, 'FULL', 100, 1, '2021-06-10 11:32:38'),
(17, 8, 'HALF', 60, 1, '2021-06-10 11:32:38'),
(18, 9, 'FULL', 50, 1, '2021-06-10 11:33:17'),
(19, 10, 'Per piece', 10, 1, '2021-06-10 11:34:00'),
(20, 11, '1 SLICE', 50, 1, '2021-06-10 11:34:44'),
(21, 12, 'FULL', 200, 1, '2021-06-10 11:35:27'),
(22, 12, 'HALF', 110, 1, '2021-06-10 11:35:27'),
(23, 13, 'FULL', 50, 1, '2021-06-10 11:36:16'),
(24, 13, 'HALF', 30, 1, '2021-06-10 11:36:16'),
(25, 14, 'FULL', 15, 1, '2021-06-10 11:37:03'),
(26, 14, 'HALF', 8, 1, '2021-06-10 11:37:03'),
(27, 15, 'FULL', 50, 1, '2021-06-10 11:44:34');

-- --------------------------------------------------------

--
-- Table structure for table `order_detail`
--

CREATE TABLE `order_detail` (
  `id` int(11) NOT NULL,
  `order_id` int(11) NOT NULL,
  `dish_details_id` int(11) NOT NULL,
  `price` float NOT NULL,
  `qty` int(11) NOT NULL
) ENGINE=InnoDB DEFAULT CHARSET=latin1;

--
-- Dumping data for table `order_detail`
--

INSERT INTO `order_detail` (`id`, `order_id`, `dish_details_id`, `price`, `qty`) VALUES
(1, 1, 6, 40, 6),
(2, 2, 6, 40, 4),
(3, 3, 6, 40, 3),
(4, 4, 26, 15, 1),
(5, 4, 27, 120, 2),
(6, 5, 19, 20, 5),
(7, 5, 15, 200, 2),
(8, 6, 13, 60, 5),
(9, 6, 15, 200, 8),
(10, 7, 19, 20, 12);

-- --------------------------------------------------------

--
-- Table structure for table `order_master`
--

CREATE TABLE `order_master` (
  `id` int(11) NOT NULL,
  `user_id` int(11) NOT NULL,
  `name` varchar(50) NOT NULL,
  `email` varchar(50) NOT NULL,
  `mobile` varchar(50) NOT NULL,
  `address` text NOT NULL,
  `total_price` float NOT NULL,
  `coupon_code` varchar(20) NOT NULL,
  `final_price` float NOT NULL,
  `zipcode` varchar(10) NOT NULL,
  `delivery_boy_id` int(11) NOT NULL,
  `payment_status` varchar(20) NOT NULL,
  `payment_type` varchar(10) NOT NULL,
  `payment_id` varchar(100) NOT NULL,
  `order_status` int(11) NOT NULL,
  `cancel_by` enum('user','admin') NOT NULL,
  `cancel_at` datetime NOT NULL,
  `added_on` datetime NOT NULL,
  `delivered_on` datetime NOT NULL
) ENGINE=InnoDB DEFAULT CHARSET=latin1;

--
-- Dumping data for table `order_master`
--

INSERT INTO `order_master` (`id`, `user_id`, `name`, `email`, `mobile`, `address`, `total_price`, `coupon_code`, `final_price`, `zipcode`, `delivery_boy_id`, `payment_status`, `payment_type`, `payment_id`, `order_status`, `cancel_by`, `cancel_at`, `added_on`, `delivered_on`) VALUES
(4, 15, 'RAVI KUMAR', 'ravi14577@gmail.com', '7597689316', 'efewafgergregvrgvsegv', 255, '', 255, '823001', 0, 'pending', 'paytm', '', 1, 'user', '0000-00-00 00:00:00', '2021-06-15 06:52:05', '0000-00-00 00:00:00'),
(5, 17, 'RAUSHAN', 'raukum74@gmail.com', '999999999', 'dservaergva', 500, '', 500, '823001', 0, 'pending', 'paytm', '', 1, 'user', '0000-00-00 00:00:00', '2021-06-15 07:17:12', '0000-00-00 00:00:00'),
(6, 17, 'RAUSHAN', 'raukum74@gmail.com', '999999999', 'efewafgergregvrgvsegv', 1900, 'CUSAT', 1800, '823001', 0, 'pending', 'paytm', '', 1, 'user', '0000-00-00 00:00:00', '2021-06-15 07:18:17', '0000-00-00 00:00:00'),
(7, 17, 'RAUSHAN', 'raukum74@gmail.com', '999999999', 'qwdfwefewf', 240, '', 240, '823001', 0, 'pending', 'cod', '', 1, 'user', '0000-00-00 00:00:00', '2021-06-15 07:18:43', '0000-00-00 00:00:00');

-- --------------------------------------------------------

--
-- Table structure for table `order_status`
--

CREATE TABLE `order_status` (
  `id` int(11) NOT NULL,
  `order_status` varchar(50) NOT NULL
) ENGINE=InnoDB DEFAULT CHARSET=latin1;

--
-- Dumping data for table `order_status`
--

INSERT INTO `order_status` (`id`, `order_status`) VALUES
(1, 'Pending'),
(2, 'Cooking '),
(3, 'On the Way'),
(4, 'Delivered'),
(5, 'Cancel');

-- --------------------------------------------------------

--
-- Table structure for table `rating`
--

CREATE TABLE `rating` (
  `id` int(11) NOT NULL,
  `user_id` int(11) NOT NULL,
  `order_id` int(11) NOT NULL,
  `dish_detail_id` int(11) NOT NULL,
  `rating` int(11) NOT NULL
) ENGINE=InnoDB DEFAULT CHARSET=latin1;

--
-- Dumping data for table `rating`
--

INSERT INTO `rating` (`id`, `user_id`, `order_id`, `dish_detail_id`, `rating`) VALUES
(1, 1, 6, 1, 5);

-- --------------------------------------------------------

--
-- Table structure for table `setting`
--

CREATE TABLE `setting` (
  `id` int(11) NOT NULL,
  `cart_min_price` int(11) NOT NULL,
  `cart_min_price_msg` varchar(250) NOT NULL,
  `website_close` int(11) NOT NULL,
  `wallet_amt` int(11) NOT NULL,
  `website_close_msg` varchar(250) NOT NULL,
  `referral_amt` int(11) NOT NULL
) ENGINE=InnoDB DEFAULT CHARSET=latin1;

--
-- Dumping data for table `setting`
--

INSERT INTO `setting` (`id`, `cart_min_price`, `cart_min_price_msg`, `website_close`, `wallet_amt`, `website_close_msg`, `referral_amt`) VALUES
(1, 40, 'Cart min price will be 50 rs', 0, 0, 'Website Closed for today', 50);

-- --------------------------------------------------------

--
-- Table structure for table `user`
--

CREATE TABLE `user` (
  `id` int(11) NOT NULL,
  `name` varchar(50) NOT NULL,
  `email` varchar(50) NOT NULL,
  `mobile` varchar(15) NOT NULL,
  `password` varchar(100) NOT NULL,
  `status` int(11) NOT NULL,
  `email_verify` int(11) NOT NULL,
  `rand_str` varchar(20) NOT NULL,
  `referral_code` varchar(20) NOT NULL,
  `from_referral_code` varchar(20) NOT NULL,
  `added_on` datetime NOT NULL
) ENGINE=InnoDB DEFAULT CHARSET=latin1;

--
-- Dumping data for table `user`
--

INSERT INTO `user` (`id`, `name`, `email`, `mobile`, `password`, `status`, `email_verify`, `rand_str`, `referral_code`, `from_referral_code`, `added_on`) VALUES
(1, 'RAVI KUMAR', 'ravi14577@gmail.com', '7597689316', '$2y$10$ll4XkxKCjIsX0vvMvtOlZO.AK9ooDWCcBsiaLqFAqTFPerZx62xZS', 1, 1, 'ghhcfoviemynulm', 'bjixrwmtancfqnk', '', '2021-06-15 06:50:06');

-- --------------------------------------------------------

--
-- Table structure for table `wallet`
--

CREATE TABLE `wallet` (
  `id` int(11) NOT NULL,
  `user_id` int(11) NOT NULL,
  `amt` int(11) NOT NULL,
  `msg` varchar(500) NOT NULL,
  `type` enum('in','out') NOT NULL,
  `payment_id` varchar(50) NOT NULL,
  `added_on` datetime NOT NULL
) ENGINE=InnoDB DEFAULT CHARSET=latin1;

--
-- Dumping data for table `wallet`
--

INSERT INTO `wallet` (`id`, `user_id`, `amt`, `msg`, `type`, `payment_id`, `added_on`) VALUES
(2, 2, 50, 'Registration', 'in', '', '2020-07-18 05:11:38'),
(4, 2, 50, 'Shoping', 'out', '', '0000-00-00 00:00:00'),
(5, 2, 100, 'Added', 'in', '', '0000-00-00 00:00:00'),
(7, 2, 100, 'Added', 'in', '', '2020-07-18 05:58:29'),
(8, 2, 20, 'Added', 'in', '', '2020-07-18 05:59:02'),
(9, 2, 15, 'Added', 'in', '', '2020-07-18 06:00:35'),
(10, 2, 30, 'Added', 'in', '', '2020-07-18 06:01:17'),
(11, 2, 10, 'Added', 'in', '20200718111212800110168602301710786', '2020-07-18 06:04:04'),
(13, 2, 160, 'Order Id-2', 'out', '', '2020-07-18 06:09:59'),
(14, 2, 800, 'Added', 'in', '20200718111212800110168644701732407', '2020-07-18 06:17:19'),
(15, 3, 0, 'Register', 'in', '', '2020-07-18 08:00:53'),
(16, 2, 200, 'Order Id-3', 'out', '', '2020-07-19 04:29:04'),
(17, 2, 200, 'Order Id-4', 'out', '', '2020-07-19 04:30:51'),
(18, 3, 100, 'Test msg', 'in', '', '2020-07-21 08:22:33'),
(19, 2, 200, 'Test Msg', 'in', '', '2020-07-21 08:22:46'),
(23, 6, 500, '', 'in', '', '2021-06-10 09:57:12'),
(24, 17, 500, '', 'in', '', '2021-06-15 07:22:02');

--
-- Indexes for dumped tables
--

--
-- Indexes for table `admin`
--
ALTER TABLE `admin`
  ADD PRIMARY KEY (`id`);

--
-- Indexes for table `banner`
--
ALTER TABLE `banner`
  ADD PRIMARY KEY (`id`);

--
-- Indexes for table `category`
--
ALTER TABLE `category`
  ADD PRIMARY KEY (`id`);

--
-- Indexes for table `contact_us`
--
ALTER TABLE `contact_us`
  ADD PRIMARY KEY (`id`);

--
-- Indexes for table `coupon_code`
--
ALTER TABLE `coupon_code`
  ADD PRIMARY KEY (`id`);

--
-- Indexes for table `delivery_boy`
--
ALTER TABLE `delivery_boy`
  ADD PRIMARY KEY (`id`);

--
-- Indexes for table `dish`
--
ALTER TABLE `dish`
  ADD PRIMARY KEY (`id`);

--
-- Indexes for table `dish_cart`
--
ALTER TABLE `dish_cart`
  ADD PRIMARY KEY (`id`);

--
-- Indexes for table `dish_details`
--
ALTER TABLE `dish_details`
  ADD PRIMARY KEY (`id`);

--
-- Indexes for table `order_detail`
--
ALTER TABLE `order_detail`
  ADD PRIMARY KEY (`id`);

--
-- Indexes for table `order_master`
--
ALTER TABLE `order_master`
  ADD PRIMARY KEY (`id`);

--
-- Indexes for table `order_status`
--
ALTER TABLE `order_status`
  ADD PRIMARY KEY (`id`);

--
-- Indexes for table `rating`
--
ALTER TABLE `rating`
  ADD PRIMARY KEY (`id`);

--
-- Indexes for table `setting`
--
ALTER TABLE `setting`
  ADD PRIMARY KEY (`id`);

--
-- Indexes for table `user`
--
ALTER TABLE `user`
  ADD PRIMARY KEY (`id`);

--
-- Indexes for table `wallet`
--
ALTER TABLE `wallet`
  ADD PRIMARY KEY (`id`);

--
-- AUTO_INCREMENT for dumped tables
--

--
-- AUTO_INCREMENT for table `admin`
--
ALTER TABLE `admin`
  MODIFY `id` int(11) NOT NULL AUTO_INCREMENT, AUTO_INCREMENT=2;

--
-- AUTO_INCREMENT for table `banner`
--
ALTER TABLE `banner`
  MODIFY `id` int(11) NOT NULL AUTO_INCREMENT, AUTO_INCREMENT=4;

--
-- AUTO_INCREMENT for table `category`
--
ALTER TABLE `category`
  MODIFY `id` int(11) NOT NULL AUTO_INCREMENT, AUTO_INCREMENT=6;

--
-- AUTO_INCREMENT for table `contact_us`
--
ALTER TABLE `contact_us`
  MODIFY `id` int(11) NOT NULL AUTO_INCREMENT, AUTO_INCREMENT=4;

--
-- AUTO_INCREMENT for table `coupon_code`
--
ALTER TABLE `coupon_code`
  MODIFY `id` int(11) NOT NULL AUTO_INCREMENT, AUTO_INCREMENT=4;

--
-- AUTO_INCREMENT for table `delivery_boy`
--
ALTER TABLE `delivery_boy`
  MODIFY `id` int(11) NOT NULL AUTO_INCREMENT, AUTO_INCREMENT=3;

--
-- AUTO_INCREMENT for table `dish`
--
ALTER TABLE `dish`
  MODIFY `id` int(11) NOT NULL AUTO_INCREMENT, AUTO_INCREMENT=16;

--
-- AUTO_INCREMENT for table `dish_cart`
--
ALTER TABLE `dish_cart`
  MODIFY `id` int(11) NOT NULL AUTO_INCREMENT, AUTO_INCREMENT=12;

--
-- AUTO_INCREMENT for table `dish_details`
--
ALTER TABLE `dish_details`
  MODIFY `id` int(11) NOT NULL AUTO_INCREMENT, AUTO_INCREMENT=28;

--
-- AUTO_INCREMENT for table `order_detail`
--
ALTER TABLE `order_detail`
  MODIFY `id` int(11) NOT NULL AUTO_INCREMENT, AUTO_INCREMENT=11;

--
-- AUTO_INCREMENT for table `order_master`
--
ALTER TABLE `order_master`
  MODIFY `id` int(11) NOT NULL AUTO_INCREMENT, AUTO_INCREMENT=8;

--
-- AUTO_INCREMENT for table `order_status`
--
ALTER TABLE `order_status`
  MODIFY `id` int(11) NOT NULL AUTO_INCREMENT, AUTO_INCREMENT=6;

--
-- AUTO_INCREMENT for table `rating`
--
ALTER TABLE `rating`
  MODIFY `id` int(11) NOT NULL AUTO_INCREMENT, AUTO_INCREMENT=2;

--
-- AUTO_INCREMENT for table `setting`
--
ALTER TABLE `setting`
  MODIFY `id` int(11) NOT NULL AUTO_INCREMENT, AUTO_INCREMENT=2;

--
-- AUTO_INCREMENT for table `user`
--
ALTER TABLE `user`
  MODIFY `id` int(11) NOT NULL AUTO_INCREMENT, AUTO_INCREMENT=24;

--
-- AUTO_INCREMENT for table `wallet`
--
ALTER TABLE `wallet`
  MODIFY `id` int(11) NOT NULL AUTO_INCREMENT, AUTO_INCREMENT=25;
COMMIT;

/*!40101 SET CHARACTER_SET_CLIENT=@OLD_CHARACTER_SET_CLIENT */;
/*!40101 SET CHARACTER_SET_RESULTS=@OLD_CHARACTER_SET_RESULTS */;
/*!40101 SET COLLATION_CONNECTION=@OLD_COLLATION_CONNECTION */;
